Gagan,2024-10-20 22:47:05,Outgoing
Gagan,2024-10-20 22:47:05,Outgoing
Gagan,2024-10-20 22:47:07,Incoming
Gagan,2024-10-20 22:47:08,Incoming
Gagan,2024-10-20 22:47:08,Outgoing
Gagan,2024-10-20 22:47:09,Incoming
Gagan,2024-10-20 22:47:10,Outgoing
Gagan,2024-10-20 22:47:10,Outgoing
Gagan,2024-10-20 22:47:11,Incoming
Gagan,2024-10-20 22:47:11,Outgoing
Gagan,2024-10-20 22:47:12,Incoming
Gagan,2024-10-20 22:47:12,Incoming
Gagan,2024-10-20 22:47:13,Outgoing
Gagan,2024-10-20 22:47:13,Outgoing
Gagan,2024-10-20 22:47:14,Incoming
Gagan,2024-10-20 22:47:15,Incoming
Gagan,2024-10-20 22:47:15,Outgoing
Gagan,2024-10-20 22:47:16,Outgoing
Gagan,2024-10-20 22:47:16,Incoming
Gagan,2024-10-20 22:47:17,Outgoing
Gagan,2024-10-20 22:47:18,Incoming
Gagan,2024-10-20 22:47:18,Incoming
Gagan,2024-10-20 22:47:19,Outgoing
Gagan,2024-10-20 22:47:19,Outgoing
Gagan,2024-10-20 22:47:20,Incoming
Gagan,2024-10-20 22:47:20,Incoming
Gagan,2024-10-20 22:47:21,Outgoing
Gagan,2024-10-20 22:47:21,Outgoing
Gagan,2024-10-20 22:47:22,Incoming
Gagan,2024-10-20 22:47:23,Incoming
Gagan,2024-10-20 22:47:23,Outgoing
Gagan,2024-10-20 22:47:24,Outgoing
Gagan,2024-10-20 22:47:25,Incoming
Gagan,2024-10-20 22:47:25,Outgoing
Gagan,2024-10-20 22:47:26,Incoming
Gagan,2024-10-20 22:47:26,Incoming
Gagan,2024-10-20 22:47:27,Outgoing
Gagan,2024-10-20 22:47:27,Incoming
Gagan,2024-10-20 22:47:28,Outgoing
Gagan,2024-10-20 22:47:28,Outgoing
Gagan,2024-10-20 22:47:29,Incoming
Gagan,2024-10-20 22:47:30,Outgoing
Gagan,2024-10-20 22:47:30,Incoming
Gagan,2024-10-20 22:47:31,Outgoing
Gagan,2024-10-20 22:47:31,Incoming
Gagan,2024-10-20 22:47:32,Incoming
Gagan,2024-10-20 22:47:33,Outgoing
Gagan,2024-10-20 22:47:33,Outgoing
Gagan,2024-10-20 22:47:34,Incoming
Gagan,2024-10-20 22:47:34,Incoming
Gagan,2024-10-20 22:47:35,Outgoing
Gagan,2024-10-20 22:47:35,Outgoing
Gagan,2024-10-20 22:47:36,Incoming
Gagan,2024-10-20 22:47:36,Incoming
Gagan,2024-10-20 22:47:37,Outgoing
Gagan,2024-10-20 22:47:38,Incoming
Gagan,2024-10-20 22:47:38,Outgoing
Gagan,2024-10-20 22:47:39,Incoming
Gagan,2024-10-20 22:47:40,Outgoing
Gagan,2024-10-20 22:47:41,Outgoing
Gagan,2024-10-20 22:47:42,Incoming
Gagan,2024-10-20 22:47:42,Incoming
Gagan,2024-10-20 22:47:43,Outgoing
Gagan,2024-10-20 22:47:43,Incoming
Gagan,2024-10-20 22:47:44,Outgoing
Gagan,2024-10-20 22:47:45,Incoming
Gagan,2024-10-20 22:47:45,Outgoing
Gagan,2024-10-20 22:47:46,Incoming
Gagan,2024-10-20 22:47:50,Outgoing
Gagan,2024-10-20 22:47:50,Incoming
Gagan,2024-10-20 22:47:51,Outgoing
Gagan,2024-10-20 22:47:52,Outgoing
Gagan,2024-10-20 22:47:53,Incoming
Gagan,2024-10-20 22:47:53,Incoming
Gagan,2024-10-20 22:47:54,Outgoing
Gagan,2024-10-20 22:47:55,Incoming
Gagan,2024-10-20 22:47:56,Outgoing
Gagan,2024-10-20 22:47:56,Incoming
Gagan,2024-10-20 22:47:57,Outgoing
Gagan,2024-10-20 22:47:58,Incoming
Gagan,2024-10-20 22:47:59,Outgoing
Gagan,2024-10-20 22:48:00,Outgoing
Gagan,2024-10-20 22:48:00,Incoming
Gagan,2024-10-20 22:48:01,Incoming
Gagan,2024-10-20 22:48:02,Outgoing
Gagan,2024-10-20 22:48:02,Incoming
Gagan,2024-10-20 22:48:03,Outgoing
Gagan,2024-10-20 22:48:03,Outgoing
Gagan,2024-10-20 22:48:04,Incoming
Gagan,2024-10-20 22:48:04,Incoming
Gagan,2024-10-20 22:48:05,Outgoing
Gagan,2024-10-20 22:48:05,Outgoing
Gagan,2024-10-20 22:48:06,Incoming
Gagan,2024-10-20 22:48:07,Incoming
Gagan,2024-10-20 22:48:08,Outgoing
Gagan,2024-10-20 22:48:08,Incoming
Gagan,2024-10-20 22:48:09,Outgoing
Gagan,2024-10-20 22:48:09,Outgoing
Gagan,2024-10-20 22:48:10,Incoming
Gagan,2024-10-20 22:48:10,Outgoing
Gagan,2024-10-20 22:48:11,Incoming
Gagan,2024-10-20 22:48:11,Incoming
Gagan,2024-10-20 22:48:12,Outgoing
Gagan,2024-10-20 22:48:12,Incoming
Gagan,2024-10-20 22:48:13,Outgoing
Gagan,2024-10-20 22:48:13,Incoming
Gagan,2024-10-20 22:48:14,Outgoing
Gagan,2024-10-20 22:48:15,Incoming
Gagan,2024-10-20 22:48:15,Outgoing
Gagan,2024-10-20 22:48:16,Outgoing
Gagan,2024-10-20 22:48:16,Incoming
Gagan,2024-10-20 22:48:17,Incoming
Gagan,2024-10-20 22:48:18,Outgoing
Gagan,2024-10-20 22:48:18,Outgoing
Gagan,2024-10-20 22:48:19,Incoming
Gagan,2024-10-20 22:48:20,Incoming
Gagan,2024-10-20 22:48:21,Outgoing
Gagan,2024-10-20 22:48:21,Incoming
Gagan,2024-10-20 22:48:22,Outgoing
Gagan,2024-10-20 22:48:22,Outgoing
Gagan,2024-10-20 22:48:23,Incoming
Gagan,2024-10-20 22:48:24,Outgoing
Gagan,2024-10-20 22:48:25,Incoming
Gagan,2024-10-20 22:48:25,Outgoing
Gagan,2024-10-20 22:48:25,Incoming
Gagan,2024-10-20 22:48:26,Incoming
Gagan,2024-10-20 22:48:26,Outgoing
Gagan,2024-10-20 22:48:27,Outgoing
Gagan,2024-10-20 22:48:28,Incoming
Gagan,2024-10-20 22:48:34,Incoming
Gagan,2024-10-20 22:48:35,Outgoing
Gagan,2024-10-20 22:48:35,Outgoing
Gagan,2024-10-20 22:48:36,Incoming
Gagan,2024-10-20 22:48:38,Incoming
Gagan,2024-10-20 22:48:39,Outgoing
Gagan,2024-10-20 22:48:40,Outgoing
Gagan,2024-10-20 22:48:40,Incoming
Gagan,2024-10-20 22:48:41,Incoming
Gagan,2024-10-20 22:48:42,Outgoing
Gagan,2024-10-20 22:48:42,Incoming
Gagan,2024-10-20 22:48:43,Outgoing
Gagan,2024-10-20 22:48:44,Incoming
Gagan,2024-10-20 22:48:44,Outgoing
Gagan,2024-10-20 22:48:45,Outgoing
Gagan,2024-10-20 22:48:46,Incoming
Gagan,2024-10-20 22:48:46,Incoming
Gagan,2024-10-20 22:48:47,Outgoing
Gagan,2024-10-20 22:48:48,Outgoing
Gagan,2024-10-20 22:48:48,Incoming
Gagan,2024-10-20 22:48:49,Incoming
Gagan,2024-10-20 22:48:49,Outgoing
Gagan,2024-10-20 22:48:50,Incoming
Gagan,2024-10-20 22:48:51,Outgoing
Gagan,2024-10-20 22:48:51,Outgoing
Gagan,2024-10-20 22:48:52,Incoming
Gagan,2024-10-20 22:48:53,Incoming
Gagan,2024-10-20 22:48:53,Outgoing
Gagan,2024-10-20 22:48:54,Outgoing
Gagan,2024-10-20 22:48:54,Incoming
Gagan,2024-10-20 22:48:55,Outgoing
Gagan,2024-10-20 22:48:56,Incoming
Gagan,2024-10-20 22:48:56,Outgoing
Gagan,2024-10-20 22:48:57,Incoming
Gagan,2024-10-20 22:48:58,Incoming
Gagan,2024-10-20 22:48:59,Outgoing
Gagan,2024-10-20 22:48:59,Outgoing
Gagan,2024-10-20 22:49:00,Incoming
Gagan,2024-10-20 22:49:01,Outgoing
Gagan,2024-10-20 22:49:01,Incoming
Gagan,2024-10-20 22:49:02,Incoming
Gagan,2024-10-20 22:49:03,Outgoing
Gagan,2024-10-20 22:49:04,Outgoing
Gagan,2024-10-20 22:49:04,Incoming
Gagan,2024-10-20 22:49:05,Incoming
Gagan,2024-10-20 22:49:06,Outgoing
Gagan,2024-10-20 22:49:06,Outgoing
Gagan,2024-10-20 22:49:07,Incoming
Gagan,2024-10-20 22:49:07,Incoming
Gagan,2024-10-20 22:49:08,Outgoing
Gagan,2024-10-20 22:49:09,Incoming
Gagan,2024-10-20 22:49:09,Outgoing
Gagan,2024-10-20 22:49:10,Incoming
Gagan,2024-10-20 22:49:11,Outgoing
Gagan,2024-10-20 22:49:11,Incoming
Gagan,2024-10-20 22:49:12,Outgoing
Gagan,2024-10-20 22:49:13,Outgoing
Gagan,2024-10-20 22:49:13,Incoming
Gagan,2024-10-20 22:49:14,Incoming
Gagan,2024-10-20 22:49:15,Outgoing
Gagan,2024-10-20 22:49:15,Outgoing
Gagan,2024-10-20 22:49:16,Incoming
Gagan,2024-10-20 22:49:16,Incoming
Gagan,2024-10-20 22:49:16,Outgoing
Gagan,2024-10-20 22:49:17,Outgoing
Gagan,2024-10-20 22:49:18,Incoming
Gagan,2024-10-20 22:49:19,Outgoing
Gagan,2024-10-20 22:49:19,Incoming
Gagan,2024-10-20 22:49:20,Incoming
Gagan,2024-10-20 22:49:21,Outgoing
Gagan,2024-10-20 22:49:21,Outgoing
Gagan,2024-10-20 22:49:22,Incoming
Gagan,2024-10-20 22:49:23,Incoming
Gagan,2024-10-20 22:49:23,Outgoing
Gagan,2024-10-20 22:49:24,Outgoing
Gagan,2024-10-20 22:49:24,Incoming
Gagan,2024-10-20 22:49:25,Incoming
Gagan,2024-10-20 22:49:25,Outgoing
Gagan,2024-10-20 22:49:26,Incoming
Gagan,2024-10-20 22:49:26,Outgoing
Gagan,2024-10-20 22:56:53,Outgoing
Gagan,2024-10-20 22:56:59,Incoming
Gagan,2024-10-20 22:57:00,Outgoing
Gagan,2024-10-20 22:57:02,Incoming
Gagan,2024-10-20 22:57:03,Outgoing
Gagan,2024-10-20 22:57:03,Outgoing
Gagan,2024-10-20 22:57:05,Incoming
Gagan,2024-10-20 22:57:09,Incoming
Gagan,2024-10-20 22:57:14,Outgoing
Gagan,2024-10-20 22:57:16,Outgoing
Gagan,2024-10-20 22:57:17,Incoming
Gagan,2024-10-20 22:57:18,Incoming
Gagan,2024-10-20 22:57:19,Outgoing
Gagan,2024-10-20 22:57:19,Outgoing
Gagan,2024-10-20 22:57:20,Incoming
Gagan,2024-10-20 22:57:20,Outgoing
Gagan,2024-10-20 22:57:21,Incoming
Gagan,2024-10-20 22:57:22,Incoming
Gagan,2024-10-20 22:57:23,Outgoing
Gagan,2024-10-20 22:57:24,Outgoing
Gagan,2024-10-20 22:57:25,Incoming
Gagan,2024-10-20 22:57:25,Outgoing
Gagan,2024-10-20 22:57:26,Incoming
Gagan,2024-10-20 22:57:28,Outgoing
Gagan,2024-10-20 22:57:30,Incoming
Gagan,2024-10-20 22:57:30,Outgoing
Gagan,2024-10-20 22:57:31,Incoming
Gagan,2024-10-20 22:57:31,Outgoing
Gagan,2024-10-20 22:57:31,Incoming
Gagan,2024-10-20 22:57:32,Outgoing
Gagan,2024-10-20 22:57:32,Incoming
Gagan,2024-10-20 22:57:33,Incoming
Gagan,2024-10-20 22:57:33,Outgoing
Gagan,2024-10-20 22:57:34,Incoming
Gagan,2024-10-20 22:57:35,Outgoing
Gagan,2024-10-20 22:57:35,Incoming
Gagan,2024-10-20 22:57:36,Outgoing
Gagan,2024-10-20 22:57:37,Incoming
Gagan,2024-10-20 22:57:38,Outgoing
Gagan,2024-10-20 22:57:38,Incoming
Gagan,2024-10-20 22:57:39,Outgoing
Gagan,2024-10-20 22:57:39,Incoming
Gagan,2024-10-20 22:57:40,Outgoing
Gagan,2024-10-20 22:57:40,Incoming
Gagan,2024-10-20 22:57:40,Outgoing
Gagan,2024-10-20 22:57:41,Incoming
Gagan,2024-10-20 22:57:42,Outgoing
Gagan,2024-10-20 22:57:42,Incoming
Gagan,2024-10-20 22:57:43,Outgoing
Gagan,2024-10-20 22:57:43,Incoming
Gagan,2024-10-20 22:57:44,Outgoing
Gagan,2024-10-20 22:57:44,Incoming
Gagan,2024-10-20 22:57:45,Outgoing
Gagan,2024-10-20 22:57:46,Incoming
Gagan,2024-10-20 22:57:46,Outgoing
Gagan,2024-10-20 22:57:47,Incoming
Gagan,2024-10-20 22:57:48,Outgoing
Gagan,2024-10-20 22:57:48,Incoming
Gagan,2024-10-20 22:57:50,Outgoing
Gagan,2024-10-20 22:57:50,Incoming
Gagan,2024-10-20 22:57:50,Outgoing
Gagan,2024-10-20 22:57:51,Incoming
Gagan,2024-10-20 22:57:51,Outgoing
Gagan,2024-10-20 22:57:52,Incoming
Gagan,2024-10-20 22:57:52,Outgoing
Gagan,2024-10-20 22:57:52,Incoming
Gagan,2024-10-20 22:57:53,Outgoing
Gagan,2024-10-20 22:57:53,Incoming
Gagan,2024-10-20 22:57:54,Outgoing
Gagan,2024-10-20 22:57:54,Incoming
Gagan,2024-10-20 22:57:55,Outgoing
Gagan,2024-10-20 22:57:55,Incoming
Gagan,2024-10-20 22:57:56,Outgoing
Gagan,2024-10-20 22:57:57,Incoming
Gagan,2024-10-20 22:57:58,Outgoing
Gagan,2024-10-20 22:57:58,Incoming
Gagan,2024-10-20 22:57:58,Outgoing
Gagan,2024-10-20 22:57:59,Incoming
Gagan,2024-10-20 22:58:00,Outgoing
Gagan,2024-10-20 22:58:01,Incoming
Gagan,2024-10-20 22:58:02,Outgoing
Nandan,2024-10-20 22:59:43,Outgoing
Gagan,2024-10-20 22:59:45,Outgoing
Gagan,2024-10-20 22:59:45,Incoming
Gagan,2024-10-20 22:59:46,Outgoing
Gagan,2024-10-20 22:59:46,Incoming
Gagan,2024-10-20 22:59:47,Outgoing
Gagan,2024-10-20 22:59:47,Incoming
Gagan,2024-10-20 22:59:47,Outgoing
Gagan,2024-10-20 22:59:48,Outgoing
Gagan,2024-10-20 22:59:48,Incoming
Gagan,2024-10-20 22:59:49,Outgoing
Gagan,2024-10-20 22:59:49,Incoming
Nandan,2024-10-20 22:59:50,Incoming
Gagan,2024-10-20 22:59:51,Incoming
Nandan,2024-10-20 22:59:52,Outgoing
Nandan,2024-10-20 22:59:52,Incoming
Nandan,2024-10-20 22:59:53,Outgoing
Nandan,2024-10-20 22:59:54,Incoming
Nandan,2024-10-20 22:59:54,Outgoing
Nandan,2024-10-20 22:59:55,Incoming
Nandan,2024-10-20 22:59:56,Outgoing
Nandan,2024-10-20 22:59:56,Incoming
Nandan,2024-10-20 22:59:57,Outgoing
Nandan,2024-10-20 22:59:58,Incoming
Nandan,2024-10-20 22:59:58,Outgoing
Nandan,2024-10-20 23:00:11,Incoming
Nandan,2024-10-20 23:00:22,Outgoing
Nandan,2024-10-20 23:00:27,Incoming
Nandan,2024-10-20 23:00:27,Outgoing
Nandan,2024-10-20 23:00:28,Incoming
Nandan,2024-10-20 23:10:05,Outgoing
Nandan,2024-10-20 23:10:06,Incoming
Nandan,2024-10-20 23:10:07,Outgoing
Nandan,2024-10-20 23:10:07,Incoming
Nandan,2024-10-20 23:10:08,Outgoing
Nandan,2024-10-20 23:10:08,Incoming
Nandan,2024-10-20 23:10:12,Outgoing
Nandan,2024-10-20 23:10:12,Incoming
Gagan,2024-10-20 23:10:22,Outgoing
Gagan,2024-10-20 23:10:24,Incoming
Gagan,2024-10-20 23:10:24,Outgoing
Gagan,2024-10-20 23:10:32,Incoming
Gagan,2024-10-20 23:10:33,Outgoing
Gagan,2024-10-20 23:10:33,Incoming
Gagan,2024-10-20 23:10:34,Outgoing
Gagan,2024-10-20 23:10:35,Incoming
Gagan,2024-10-20 23:10:38,Outgoing
Gagan,2024-10-20 23:10:39,Incoming
Gagan,2024-10-20 23:10:39,Outgoing
Gagan,2024-10-20 23:10:40,Incoming
Gagan,2024-10-20 23:10:40,Outgoing
Gagan,2024-10-20 23:10:40,Incoming
Gagan,2024-10-20 23:10:41,Outgoing
Gagan,2024-10-20 23:10:41,Incoming
Gagan,2024-10-20 23:10:42,Outgoing
Gagan,2024-10-20 23:10:42,Incoming
Gagan,2024-10-20 23:10:43,Outgoing
Gagan,2024-10-20 23:10:43,Incoming
Gagan,2024-10-20 23:10:44,Outgoing
Gagan,2024-10-20 23:10:44,Incoming
Gagan,2024-10-20 23:10:45,Outgoing
Gagan,2024-10-20 23:10:45,Incoming
Gagan,2024-10-21 10:22:27,Outgoing
Gagan,2024-10-21 10:22:27,Outgoing
Gagan,2024-10-21 10:22:28,Incoming
Gagan,2024-10-21 10:22:29,Incoming
Gagan,2024-10-21 10:22:29,Outgoing
Gagan,2024-10-21 10:22:30,Incoming
Gagan,2024-10-21 10:22:30,Outgoing
Nandan,2024-10-21 10:22:31,Outgoing
Ashith,2024-10-21 10:22:32,Outgoing
Gagan,2024-10-21 10:22:33,Incoming
Nandan,2024-10-21 10:22:33,Outgoing
Gagan,2024-10-21 10:22:34,Outgoing
Gagan,2024-10-21 10:22:34,Incoming
Gagan,2024-10-21 10:22:34,Outgoing
Nandan,2024-10-21 10:22:35,Incoming
Gagan,2024-10-21 10:22:35,Incoming
Gagan,2024-10-21 10:22:35,Outgoing
Nandan,2024-10-21 10:22:36,Incoming
Nandan,2024-10-21 10:22:37,Outgoing
Nandan,2024-10-21 10:22:37,Incoming
Gagan,2024-10-21 10:22:38,Incoming
Gagan,2024-10-21 10:22:38,Outgoing
Nandan,2024-10-21 10:22:38,Outgoing
Gagan,2024-10-21 10:22:38,Incoming
Gagan,2024-10-21 10:22:39,Outgoing
Gagan,2024-10-21 10:22:39,Incoming
Gagan,2024-10-21 10:22:40,Outgoing
Gagan,2024-10-21 10:22:40,Incoming
Nandan,2024-10-21 10:22:41,Outgoing
Gagan,2024-10-21 10:22:41,Outgoing
Gagan,2024-10-21 10:22:41,Outgoing
Gagan,2024-10-21 10:22:42,Incoming
Nandan,2024-10-21 10:22:42,Incoming
Gagan,2024-10-21 10:22:42,Outgoing
Ashith,2024-10-21 10:22:43,Incoming
Ashith,2024-10-21 10:22:44,Outgoing
Gagan,2024-10-21 10:22:44,Incoming
Gagan,2024-10-21 10:22:44,Outgoing
Gagan,2024-10-21 10:22:45,Incoming
Gagan,2024-10-21 10:22:45,Outgoing
Nandan,2024-10-21 10:22:45,Outgoing
Gagan,2024-10-21 10:22:46,Incoming
Gagan,2024-10-21 10:22:46,Incoming
Gagan,2024-10-21 10:22:47,Outgoing
Gagan,2024-10-21 10:22:47,Incoming
Gagan,2024-10-21 10:22:48,Outgoing
Gagan,2024-10-21 10:22:48,Outgoing
Gagan,2024-10-21 10:22:49,Incoming
Gagan,2024-10-21 10:22:49,Outgoing
Gagan,2024-10-21 10:22:50,Incoming
Gagan,2024-10-21 10:22:50,Incoming
Gagan,2024-10-21 10:22:51,Outgoing
Nandan,2024-10-21 10:22:51,Incoming
Gagan,2024-10-21 10:22:52,Incoming
Nandan,2024-10-21 10:22:53,Incoming
Gagan,2024-10-21 10:22:53,Outgoing
Gagan,2024-10-21 10:22:54,Outgoing
Nandan,2024-10-21 10:22:54,Outgoing
Gagan,2024-10-21 10:22:55,Incoming
Gagan,2024-10-21 10:22:55,Outgoing
Nandan,2024-10-21 10:22:56,Incoming
Nandan,2024-10-21 10:22:57,Outgoing
Gagan,2024-10-21 10:22:57,Incoming
